Conference,Register/Abstract due,Submission due,CFP
IEEE S&P 2027 (1/2),04-Jun-26,11-Jun-26,https://sp2027.ieee-security.org/cfpapers.html
IEEE HOST 2027 (1/2),15-Jul-26,22-Jul-26,https://host.conferences.computer.org/2027/
NDSS 2027 (2/2),,19-Aug-26,https://www.ndss-symposium.org/ndss2027/submissions/call-for-papers/
AsiaCCS 2027 (1/2),,21-Aug-26,https://asiaccs2027.cityu.edu.mo/home/index.html
USENIX Security Symposium 2027 (1/2),18-Aug-26,25-Aug-26,https://www.usenix.org/conference/usenixsecurity27
ASPLOS 2027 (2/2),,09-Sep-26,https://www.asplos-conference.org/asplos2027/cfp/
DATE 2027,13-Sep-26,20-Sep-26,https://www.date-conference.com/date-2027-call-papers
EuroSys 2o27 (2/2),17-Sep-26,24-Sep-26,https://2027.eurosys.org/cfp.html
ACNS 2027 (1/2),,24-Sep-26,https://acns2027.isg.rhul.ac.uk/calls/papers/
IEEE HOST 2027 (2/2),01-Nov-26,08-Nov-26,https://host.conferences.computer.org/2027/
IEEE S&P 2027 (2/2),10-Nov-26,17-Nov-26,https://sp2027.ieee-security.org/cfpapers.html
AsiaCCS 2027 (2/2),,11-Dec-26,https://asiaccs2027.cityu.edu.mo/home/index.html
ACNS 2027 (2/2),,21-Jan-27,https://acns2027.isg.rhul.ac.uk/calls/papers/
USENIX Security Symposium 2027 (2/2),19-Jan-27,26-Jan-27,https://www.usenix.org/conference/usenixsecurity27
,,,
,,,
,,,
,,,
,,,
,,,
,,,
